track_id,dot_match_1,dot_score_1,dot_match_2,dot_score_2,dot_match_3,dot_score_3
TRVYEUW128F148C08D,TRFUJVJ128F426F2A2,3570.0,TRWSYHO128F4282346,2865.0,TRVDAHO128F92F231E,2436.0
TRCXKPC128F92FD04C,TRDPGXU128F9339C2A,3132.0,TRFUJVJ128F426F2A2,3012.0,TROIJDA128F9341E70,2988.0
TRMMALW128F92FD049,TRFUJVJ128F426F2A2,4597.0,TRDPGXU128F9339C2A,3722.0,TRWSYHO128F4282346,3671.0
TRJWAJC128F9327C4F,TRFUJVJ128F426F2A2,5557.0,TRDPGXU128F9339C2A,4567.0,TREBGAA128E078FC52,4088.0
TRPEBTH128F9327C4D,TRFUJVJ128F426F2A2,6673.0,TRDPGXU128F9339C2A,5569.0,TRWSYHO128F4282346,5237.0
TRNWHUD128F932E304,TRFUJVJ128F426F2A2,8789.0,TRWSYHO128F4282346,7434.0,TRDPGXU128F9339C2A,7016.0
TRFGGSX128F427A723,TRFUJVJ128F426F2A2,2328.0,TRDPGXU128F9339C2A,2215.0,TRCHZXW128E079288A,1918.0
TRPTCMZ128F9340B09,TRFUJVJ128F426F2A2,1913.0,TRWSYHO128F4282346,1790.0,TRQAWKR128F425EEC3,1585.0
TRVKLGW12903CB4523,TRFUJVJ128F426F2A2,1486.0,TRDPGXU128F9339C2A,1480.0,TROIJDA128F9341E70,1471.0
TRFBNZN128F9340B0E,TRFUJVJ128F426F2A2,2681.0,TRWSYHO128F4282346,1936.0,TRQAWKR128F425EEC3,1542.0
TRBYDKJ12903CA9D33,TRVJCDB128F4263466,1868.0,TRFUJVJ128F426F2A2,1536.0,TRKLJAG128F42B31CF,1227.0
TRWJKJK128F9338FEF,TRFUJVJ128F426F2A2,8737.0,TRWSYHO128F4282346,8094.0,TREBGAA128E078FC52,6661.0
TRUULBP12903CA9D23,TRFUJVJ128F426F2A2,1215.0,TRQAWKR128F425EEC3,1196.0,TRDPGXU128F9339C2A,1055.0
TRYYJHJ128F9340B19,TRFUJVJ128F426F2A2,1853.0,TRDPGXU128F9339C2A,1496.0,TRGLNKG128F9307689,1283.0
TRHHJCL12903CB44B7,TRFUJVJ128F426F2A2,2371.0,TRWSYHO128F4282346,2137.0,TRQAWKR128F425EEC3,1713.0
TRWZXDS128F427A71B,TRKLJAG128F42B31CF,2429.0,TRCHZXW128E079288A,2295.0,TREBGAA128E078FC52,2292.0
TRZDLWE12903CB44DE,TRWSYHO128F4282346,2415.0,TRFUJVJ128F426F2A2,2268.0,TREBGAA128E078FC52,2044.0
TRNZQVO128F427A71E,TRFUJVJ128F426F2A2,1825.0,TRDPGXU128F9339C2A,1532.0,TRWSYHO128F4282346,1506.0
TRAECHJ12903CC36DA,TRDPGXU128F9339C2A,2459.0,TRPBLTG128F933924A,2248.0,TRCHZXW128E079288A,2121.0
TRRVSIN128F9338FD5,TRFFSMS128F428BC88,1584.0,TRLUGVB128F428E704,1418.0,TRYAWRN128F42792CB,1222.0
TRYMMVG128F9340B1B,TRFUJVJ128F426F2A2,655.0,TRDPGXU128F9339C2A,542.0,TRFLWJZ128F425C9E4,529.0
TRKSEEY12903CCD312,TRXJTJZ128F4295464,902.0,TRYCBLK12903CE6A0E,889.0,TRFUJVJ128F426F2A2,799.0
TRFOGQC12903CA9D2E,TRFUJVJ128F426F2A2,2219.0,TRWSYHO128F4282346,1494.0,TRGLNKG128F9307689,1236.0
TREVCQU12903CCD318,TRFUJVJ128F426F2A2,2558.0,TRDPGXU128F9339C2A,2148.0,TREBGAA128E078FC52,1884.0
TRFLJNE12903CB44F1,TRFUJVJ128F426F2A2,2209.0,TRWSYHO128F4282346,1781.0,TREBGAA128E078FC52,1457.0
TRQNNKX12903CB44CA,TREBGAA128E078FC52,2215.0,TRFUJVJ128F426F2A2,2205.0,TRWSYHO128F4282346,2108.0
TRKNKGC128F42A746A,TRFUJVJ128F426F2A2,7547.0,TRWSYHO128F4282346,6158.0,TRGLNKG128F9307689,5473.0
TRWEHQE128F935A2D6,TRDPGXU128F9339C2A,2251.0,TRFUJVJ128F426F2A2,2160.0,TRYCBLK12903CE6A0E,2066.0
TRPMJOK128F92F317A,TRFUJVJ128F426F2A2,2103.0,TRDPGXU128F9339C2A,1440.0,TRWSYHO128F4282346,1435.0
TRGXECP12903CDDC43,TRFUJVJ128F426F2A2,3227.0,TRWSYHO128F4282346,2963.0,TREBGAA128E078FC52,2841.0
TREQYGT128E07859FA,TRFUJVJ128F426F2A2,4601.0,TRWSYHO128F4282346,3701.0,TREBGAA128E078FC52,3608.0
TROFEVE12903CD8AAA,TRFUJVJ128F426F2A2,2268.0,TRDPGXU128F9339C2A,2092.0,TRCHZXW128E079288A,1772.0
TRCFPJF128F428A872,TRFUJVJ128F426F2A2,7889.0,TRWSYHO128F4282346,7104.0,TREBGAA128E078FC52,6291.0
TRBFTHL128C7196B42,TRFUJVJ128F426F2A2,1609.0,TRWSYHO128F4282346,1603.0,TRGLNKG128F9307689,1567.0
TRFEGGQ128E07898AA,TRFUJVJ128F426F2A2,2237.0,TREAUAV128EF33FE50,1879.0,TRWSYHO128F4282346,1744.0
TRDDDDX128E0793212,TRFUJVJ128F426F2A2,1647.0,TRWSYHO128F4282346,1532.0,TRGLNKG128F9307689,1249.0
TRWBAGY128F93034BF,TRFUJVJ128F426F2A2,1431.0,TRGLNKG128F9307689,1312.0,TRDPGXU128F9339C2A,1285.0
TRLWIBC128E0792E2C,TRFUJVJ128F426F2A2,2719.0,TRDPGXU128F9339C2A,2110.0,TRUGLTC128F4227B93,1773.0
TRAZQIG128F146372E,TRFUJVJ128F426F2A2,2423.0,TRDPGXU128F9339C2A,2285.0,TRCHZXW128E079288A,1863.0
TRQUJCP128F4238206,TRFUJVJ128F426F2A2,1804.0,TRDPGXU128F9339C2A,1711.0,TRWSYHO128F4282346,1577.0
TRIDJMD128E078B984,TRFUJVJ128F426F2A2,4289.0,TRWSYHO128F4282346,2974.0,TRQAWKR128F425EEC3,2837.0
TRYRCXF128F424183D,TRFUJVJ128F426F2A2,2325.0,TRDPGXU128F9339C2A,2240.0,TRCHZXW128E079288A,1876.0
TRDQLTF128E0787809,TRFUJVJ128F426F2A2,4866.0,TRWSYHO128F4282346,4115.0,TREBGAA128E078FC52,3892.0
TRUAAEQ128F423C52D,TRZZQIP128F92EFEAD,1407.0,TRDOJIR128F42840C0,1321.0,TRKKUWM128F92E4E1C,1148.0
TRYGDNA128E078780C,TRSABJR128F429C84B,923.0,TRMLZFP128F932290C,917.0,TRIAELA128F149EEE6,906.0
TRDFTPP128F427550C,TRTCOWO128F930C444,1169.0,TRXXGET128F4259B88,949.0,TRRZNYJ128F42B8819,862.0
TRRBWRX128F423C535,TRFUJVJ128F426F2A2,2200.0,TRCHZXW128E079288A,2187.0,TRDPGXU128F9339C2A,2172.0
TRJSTLV128F4241832,TRPUUSG128E07953B7,663.0,TRRVXQX128F429A0C4,500.0,TRYECON128F423ABA0,478.0
TRBRHPE128E0787803,TRDPGXU128F9339C2A,3830.0,TRCHZXW128E079288A,3532.0,TRFUJVJ128F426F2A2,3498.0
TRLJSTZ128F4241831,TRZRTPI12903D0954A,765.0,TRRVXQX128F429A0C4,631.0,TRKKUWM128F92E4E1C,587.0
TRGURIJ128E078780B,TRFUJVJ128F426F2A2,1644.0,TRQAWKR128F425EEC3,1486.0,TRDPGXU128F9339C2A,1450.0
TRYKKOX128F4241839,TRFUJVJ128F426F2A2,1644.0,TRQAWKR128F425EEC3,1486.0,TRDPGXU128F9339C2A,1450.0
TRUVBEG128F92F0B48,TRFUJVJ128F426F2A2,2716.0,TRWSYHO128F4282346,2258.0,TRQAWKR128F425EEC3,1797.0
TRJBNZG128EF35A1AA,TRZZQIP128F92EFEAD,1405.0,TRDOJIR128F42840C0,1331.0,TRTHNFG12903D0CE54,798.0
TRPJAPP128EF35A1AC,TRFLWJZ128F425C9E4,378.0,TRZZQIP128F92EFEAD,373.0,TRRVXQX128F429A0C4,368.0
TRUDTXB128F423C537,TRFUJVJ128F426F2A2,4657.0,TRDPGXU128F9339C2A,2949.0,TRGLNKG128F9307689,2831.0
TRMVVDP128E0787806,TRFUJVJ128F426F2A2,7162.0,TRWSYHO128F4282346,6206.0,TREBGAA128E078FC52,4726.0
TRIEQWR128E078780D,TRFUJVJ128F426F2A2,4545.0,TRWSYHO128F4282346,4530.0,TRDPGXU128F9339C2A,3980.0
TRBEYYM128F1493C56,TRFUJVJ128F426F2A2,2718.0,TRWSYHO128F4282346,2074.0,TRQAWKR128F425EEC3,1737.0
TRPITXR128F427FA1B,TRFUJVJ128F426F2A2,824.0,TRDPGXU128F9339C2A,787.0,TRCHZXW128E079288A,604.0
TRGFMUJ128F423C52F,TRKKUWM128F92E4E1C,311.0,TRRVXQX128F429A0C4,305.0,TRZRTPI12903D0954A,305.0
TRGVTSO12903CABC19,TRFUJVJ128F426F2A2,5833.0,TRWSYHO128F4282346,5385.0,TRDPGXU128F9339C2A,5004.0
TRJGMSL128F4230A6C,TRFUJVJ128F426F2A2,15262.0,TRWSYHO128F4282346,14936.0,TREBGAA128E078FC52,11789.0
TRBGUUE128F1494FB6,TRFUJVJ128F426F2A2,2626.0,TRDPGXU128F9339C2A,2184.0,TRGUCIR128F933D817,1936.0
TREPYPE128F92EB38C,TRKKUWM128F92E4E1C,545.0,TRZRTPI12903D0954A,487.0,TRRVXQX128F429A0C4,476.0
TRGZRPJ128F92EF7E2,TREXCMT128F933D825,666.0,TRBBVNR128E078E1E4,391.0,TRKOMDL128F1499C7D,372.0
TRGXTYR128F42ACF5F,TRTJLTW12903CFF1E9,666.0,TRSVRQN128F42722CC,657.0,TRDOJIR128F42840C0,653.0
TRVXXVG128F933AB88,TRFUJVJ128F426F2A2,2069.0,TRDPGXU128F9339C2A,1701.0,TRBEBJO128C719646B,1376.0
TRLFGML128F92EB391,TRTHNFG12903D0CE54,1313.0,TRIJHLY12903D0CE4D,1097.0,TRTJLTW12903CFF1E9,944.0
TRVFSWI128F42ACE94,TRZZQIP128F92EFEAD,468.0,TRDOJIR128F42840C0,434.0,TRKKUWM128F92E4E1C,407.0
TRMKTUF128F42BC140,TRKKUWM128F92E4E1C,690.0,TRRVXQX128F429A0C4,518.0,TRZZQIP128F92EFEAD,507.0
TRXNYOZ128F42BC146,TRZZQIP128F92EFEAD,1560.0,TRDOJIR128F42840C0,1442.0,TREKUOP12903CD2BA7,760.0
TRYFLQK128F92EF7F1,TRZRTPI12903D0954A,353.0,TRKKUWM128F92E4E1C,344.0,TRRVXQX128F429A0C4,308.0
TRRWCOL128F42AD05D,TRTHNFG12903D0CE54,1672.0,TRIJHLY12903D0CE4D,1408.0,TRWQZXS128F92DB731,1254.0
TRVRPTI128F92EB390,TRTHNFG12903D0CE54,563.0,TRRKWPY12903CAAC5D,560.0,TRSVRQN128F42722CC,524.0
TRGRNWU128F42AE46D,TRBPJQR128F9317942,541.0,TRUKWZW128F92CADC2,456.0,TRABAWI128F424F105,431.0
TRNXWLK128F92EC9A7,TRFUJVJ128F426F2A2,4220.0,TRDPGXU128F9339C2A,3609.0,TRWSYHO128F4282346,3545.0
TRITOVK128F92EC9A0,TRJCBGS128F14689B3,806.0,TRBHYLK128F930160F,617.0,TRKKUWM128F92E4E1C,589.0
TRRLVOI128F92EB38D,TRTHNFG12903D0CE54,1339.0,TRIJHLY12903D0CE4D,1195.0,TRWQZXS128F92DB731,1005.0
TRHPPNF128F42ACFA9,TRTHNFG12903D0CE54,637.0,TRRKWPY12903CAAC5D,496.0,TRIJHLY12903D0CE4D,495.0
TRUXYDP128F93234BD,TRFUJVJ128F426F2A2,5210.0,TRWSYHO128F4282346,4547.0,TRUGLTC128F4227B93,3817.0
TRKVVVK12903CB592C,TRFUJVJ128F426F2A2,9661.0,TRWSYHO128F4282346,7351.0,TRGLNKG128F9307689,6194.0
TRUVVME12903CBA350,TRFUJVJ128F426F2A2,4066.0,TRGUCIR128F933D817,2498.0,TRBVPVV128F425F14F,2455.0
TRZGWCY12903CEF521,TRFUJVJ128F426F2A2,5014.0,TRDPGXU128F9339C2A,3924.0,TRWSYHO128F4282346,3840.0
TRMAVQT128F4270DBF,TRFUJVJ128F426F2A2,6988.0,TRDPGXU128F9339C2A,6505.0,TRCHZXW128E079288A,4945.0
TRWVEDL128F4293EA3,TRFUJVJ128F426F2A2,4084.0,TRDPGXU128F9339C2A,3243.0,TRWSYHO128F4282346,3005.0
TRTVVYX128F9328DBA,TRFUJVJ128F426F2A2,5955.0,TRDPGXU128F9339C2A,5550.0,TRWSYHO128F4282346,4906.0
TRTGPPK128F1459DD4,TRFUJVJ128F426F2A2,2515.0,TRDPGXU128F9339C2A,2423.0,TRWSYHO128F4282346,1961.0
TRHUIRM128F426BFD5,TRFUJVJ128F426F2A2,5022.0,TRWSYHO128F4282346,4542.0,TREBGAA128E078FC52,3645.0
TRJNTQQ128F426BFD0,TRFUJVJ128F426F2A2,3109.0,TRDPGXU128F9339C2A,2835.0,TRWSYHO128F4282346,2564.0
TRZJCNT128F426BFCC,TRFUJVJ128F426F2A2,2809.0,TRDPGXU128F9339C2A,2606.0,TRYCBLK12903CE6A0E,2436.0
TRPZEWS128F92F585E,TRFUJVJ128F426F2A2,3190.0,TRQAWKR128F425EEC3,2087.0,TRDPGXU128F9339C2A,2038.0
TRYPBLE128F1459DD1,TRFUJVJ128F426F2A2,3566.0,TRDPGXU128F9339C2A,2353.0,TRGLNKG128F9307689,1938.0
TRKVITQ128F4271B31,TRFUJVJ128F426F2A2,2915.0,TRDPGXU128F9339C2A,2559.0,TRFLWJZ128F425C9E4,2200.0
TRGZDBB128F4270A4C,TRDPGXU128F9339C2A,4199.0,TRCHZXW128E079288A,4173.0,TROIJDA128F9341E70,3998.0
TRMBNRH12903D02C23,TRFUJVJ128F426F2A2,4157.0,TRDPGXU128F9339C2A,3696.0,TRCHZXW128E079288A,3431.0
TRBXYKU128F427915D,TRFUJVJ128F426F2A2,3952.0,TRDPGXU128F9339C2A,3028.0,TRGLNKG128F9307689,2502.0
TRFRXGD128F42717FF,TRFUJVJ128F426F2A2,2983.0,TRQAWKR128F425EEC3,2310.0,TRDPGXU128F9339C2A,2168.0
TRYIYFG128F42603CC,TRFUJVJ128F426F2A2,4434.0,TRWSYHO128F4282346,3783.0,TREBGAA128E078FC52,3295.0
TRQHDNY128F92E3A01,TRFUJVJ128F426F2A2,3771.0,TRWSYHO128F4282346,3353.0,TRDPGXU128F9339C2A,3267.0
TRGCHXM128F429CBB9,TRFUJVJ128F426F2A2,629.0,TRQAWKR128F425EEC3,486.0,TRFLWJZ128F425C9E4,459.0
TRSJGNV128F92F4124,TRDPGXU128F9339C2A,3022.0,TRFUJVJ128F426F2A2,3006.0,TRCHZXW128E079288A,2863.0
TRHTOYT128F429FEF4,TREIODJ128F9337033,2125.0,TRFUJVJ128F426F2A2,2120.0,TROIJDA128F9341E70,1998.0
TRCFFVR128F145D6DF,TRFUJVJ128F426F2A2,6064.0,TRDPGXU128F9339C2A,4590.0,TRWSYHO128F4282346,4571.0
TRQSGEL128F4242DFC,TRFUJVJ128F426F2A2,2668.0,TRQAWKR128F425EEC3,1994.0,TRXHFMI128F429B2F2,1876.0
TRAIMRN128E0791E72,TRFUJVJ128F426F2A2,3735.0,TRWSYHO128F4282346,3243.0,TRGLNKG128F9307689,3238.0
TRRSVGD128F4242DDC,TRFUJVJ128F426F2A2,1783.0,TRDPGXU128F9339C2A,1706.0,TRQAWKR128F425EEC3,1346.0
TRTXHKL128F4242DD9,TRDPGXU128F9339C2A,3201.0,TRFUJVJ128F426F2A2,3016.0,TRQAWKR128F425EEC3,2922.0
TRADETN128F148CF19,TRFUJVJ128F426F2A2,4244.0,TRWSYHO128F4282346,3642.0,TRGLNKG128F9307689,3111.0
TRKKXKG128E0791E74,TRFUJVJ128F426F2A2,3697.0,TRDPGXU128F9339C2A,3044.0,TRGUCIR128F933D817,2401.0
TRSSUAV128F148D60F,TRFUJVJ128F426F2A2,6004.0,TRDPGXU128F9339C2A,5723.0,TRWSYHO128F4282346,5029.0
TRFROET128F148CF1F,TRFUJVJ128F426F2A2,5745.0,TRWSYHO128F4282346,4144.0,TRDPGXU128F9339C2A,3735.0
TRFHVTT12903CF7CD9,TRFUJVJ128F426F2A2,3085.0,TRWSYHO128F4282346,2497.0,TRQAWKR128F425EEC3,2206.0
TRXZNNF12903CA6F9B,TRFUJVJ128F426F2A2,4698.0,TRWSYHO128F4282346,3862.0,TRDPGXU128F9339C2A,3466.0
TRTSAUB128E07859FC,TRFUJVJ128F426F2A2,3847.0,TRDPGXU128F9339C2A,3846.0,TRWSYHO128F4282346,3807.0
TRFMGIO128F42591F0,TRFUJVJ128F426F2A2,3479.0,TRDPGXU128F9339C2A,3393.0,TRCHZXW128E079288A,3098.0
TRDYUVI128E078F725,TRFUJVJ128F426F2A2,2010.0,TRDPGXU128F9339C2A,1690.0,TRFLWJZ128F425C9E4,1438.0
TRPNLLB128F14956A5,TRFUJVJ128F426F2A2,4422.0,TRWSYHO128F4282346,3751.0,TRDPGXU128F9339C2A,3679.0
TRTDHSB128F422B90F,TRDPGXU128F9339C2A,2793.0,TRCHZXW128E079288A,2726.0,TRFUJVJ128F426F2A2,2672.0
TREXZYC12903CA281A,TRFUJVJ128F426F2A2,4904.0,TRDPGXU128F9339C2A,4482.0,TRWSYHO128F4282346,4328.0
TRDXSGX128F425F173,TRFUJVJ128F426F2A2,886.0,TRUGLTC128F4227B93,685.0,TRDPGXU128F9339C2A,588.0
TREAQSX128E07818CA,TRFUJVJ128F426F2A2,3417.0,TRWSYHO128F4282346,2264.0,TRTLIKK128E07862DA,2193.0
TRBVPVV128F425F14F,TRGUCIR128F933D817,17762.0,TRYUJAX12903CF14E7,12393.0,TRHTUQC128F427D30F,9883.0
TRBROFT128F92F8769,TRFUJVJ128F426F2A2,7159.0,TRDPGXU128F9339C2A,5610.0,TRWSYHO128F4282346,5042.0
TRIIWCU128F92F876A,TRFUJVJ128F426F2A2,2855.0,TRDPGXU128F9339C2A,2445.0,TRCHZXW128E079288A,2084.0
TRVDAHO128F92F231E,TRFUJVJ128F426F2A2,12488.0,TRWSYHO128F4282346,10641.0,TRGLNKG128F9307689,8864.0
TRUGOGT128F92F29E9,TRFUJVJ128F426F2A2,4515.0,TRWSYHO128F4282346,3927.0,TRDPGXU128F9339C2A,3868.0
TRNEITZ128F92F29EA,TRFUJVJ128F426F2A2,1541.0,TRDPGXU128F9339C2A,1175.0,TRGLNKG128F9307689,842.0
TRMIHFS128F92F2A01,TRFUJVJ128F426F2A2,1648.0,TRDPGXU128F9339C2A,1532.0,TRWSYHO128F4282346,1283.0
TRDEVZQ128F931BAED,TRFUJVJ128F426F2A2,1163.0,TRDPGXU128F9339C2A,1160.0,TREBGAA128E078FC52,1140.0
TRCXWLU128F92F2A0D,TRFUJVJ128F426F2A2,1856.0,TRGLNKG128F9307689,1367.0,TRLDRYJ128F930BBB4,1234.0
TRVJTNA128F934D19D,TRFUJVJ128F426F2A2,2013.0,TRTLIKK128E07862DA,1452.0,TRDPGXU128F9339C2A,1150.0
TRRBLPE128F9311B20,TRFUJVJ128F426F2A2,5836.0,TRDPGXU128F9339C2A,5283.0,TRWSYHO128F4282346,4858.0
TRWQYOY128F425BD4C,TRFUJVJ128F426F2A2,3888.0,TRDPGXU128F9339C2A,3138.0,TRGLNKG128F9307689,2836.0
TRLLRQA128F427C709,TRFUJVJ128F426F2A2,1470.0,TRDPGXU128F9339C2A,850.0,TRWSYHO128F4282346,775.0
TRDFWPG128F148D4DF,TRKLJAG128F42B31CF,6749.0,TRCHZXW128E079288A,6677.0,TRDPGXU128F9339C2A,6560.0
TRVWMWN128E0788952,TRFUJVJ128F426F2A2,2808.0,TRWSYHO128F4282346,1708.0,TREBGAA128E078FC52,1654.0
TRDHPGJ128F4289C44,TRFUJVJ128F426F2A2,4574.0,TRWSYHO128F4282346,3212.0,TRDPGXU128F9339C2A,3103.0
TRFSQXF128F9311B25,TRCHZXW128E079288A,5184.0,TRXHFMI128F429B2F2,4802.0,TRDPGXU128F9339C2A,4730.0
TRXACXM12903CEC365,TRBVPVV128F425F14F,5679.0,TRWSYHO128F4282346,5491.0,TRGUCIR128F933D817,5158.0
TRWWVGC12903CB5C50,TRLCWTH128F92C7F82,1426.0,TRCDMRL12903CB105C,1375.0,TRGLNKG128F9307689,1059.0
TRYIJWH128F146948C,TRFUJVJ128F426F2A2,2846.0,TRGLNKG128F9307689,2012.0,TRDPGXU128F9339C2A,1960.0
TRDIAZY12903CB6532,TRFUJVJ128F426F2A2,1744.0,TRDPGXU128F9339C2A,1294.0,TRWSYHO128F4282346,1283.0
TRTUJAL128F423E18D,TRBVPVV128F425F14F,6595.0,TRGUCIR128F933D817,5509.0,TRYUJAX12903CF14E7,3836.0
TRBTXNE12903CB6528,TRFUJVJ128F426F2A2,2670.0,TRDPGXU128F9339C2A,2212.0,TRFLWJZ128F425C9E4,1948.0
TRKQRSQ128F92D5134,TREENUC12903CBE042,420.0,TRJTYVS128F9354DB0,390.0,TRDTODK128F1458778,308.0
TRBFVAA128F423C356,TRFUJVJ128F426F2A2,777.0,TRWSYHO128F4282346,641.0,TRHGZOJ128F14A2ED0,553.0
TRFSCLD12903CD213F,TRCXMEY12903CD1FB6,5616.0,TRCETEN128F42AD6D0,5217.0,TREXCMT128F933D825,4548.0
TRZTQEP128E0792526,TRFUJVJ128F426F2A2,1597.0,TRGUCIR128F933D817,1109.0,TRBVPVV128F425F14F,1086.0
TRLTFVP128E0782B34,TRFUJVJ128F426F2A2,4025.0,TRWSYHO128F4282346,3075.0,TRDPGXU128F9339C2A,2731.0
TRFVWXW128F931A0E9,TRCHZXW128E079288A,494.0,TRFUJVJ128F426F2A2,465.0,TRDPGXU128F9339C2A,416.0
TRKQQMW128F92D54DF,TRFLWJZ128F425C9E4,1518.0,TRDPGXU128F9339C2A,1437.0,TRWSYHO128F4282346,1404.0
TRFYMPB128F93100C0,TRFUJVJ128F426F2A2,8737.0,TRWSYHO128F4282346,7195.0,TREBGAA128E078FC52,6302.0
TRBCSDW128F424D686,TRFUJVJ128F426F2A2,9266.0,TRUGLTC128F4227B93,8377.0,TRVLIZK128F428845E,7883.0
TRRXQJA128F1472A56,TRWSYHO128F4282346,3859.0,TRFUJVJ128F426F2A2,3739.0,TRDPGXU128F9339C2A,3551.0
TRMDYBW128F14A17E8,TRDPGXU128F9339C2A,1426.0,TRGLNKG128F9307689,1253.0,TRHNOMB12903CB2544,1231.0
TRCNUNL128F93437CF,TRFUJVJ128F426F2A2,3529.0,TRDPGXU128F9339C2A,2594.0,TRWSYHO128F4282346,2319.0
TRIPJIJ128F1453AE0,TRFUJVJ128F426F2A2,1240.0,TRGUCIR128F933D817,1176.0,TRBVPVV128F425F14F,1144.0
TRPLRVY128F1473EBE,TRFUJVJ128F426F2A2,4463.0,TREBGAA128E078FC52,3086.0,TRWSYHO128F4282346,3037.0
TRWPUDX128F148F907,TRFUJVJ128F426F2A2,1640.0,TRWSYHO128F4282346,1374.0,TRFLWJZ128F425C9E4,1350.0
TRZQTSM128F9328120,TRFUJVJ128F426F2A2,1133.0,TRGUCIR128F933D817,985.0,TRDPGXU128F9339C2A,970.0
TRNZCWJ128F427099F,TRDPGXU128F9339C2A,1696.0,TRFUJVJ128F426F2A2,1648.0,TRCHZXW128E079288A,1139.0
TRJQRAP128F9314B3F,TRFUJVJ128F426F2A2,4058.0,TREBGAA128E078FC52,3182.0,TRWSYHO128F4282346,2569.0
TRETJUU128F426402A,TROIJDA128F9341E70,3416.0,TRDPGXU128F9339C2A,3347.0,TRFUJVJ128F426F2A2,3332.0
TRNOUUF128F4280B8D,TRCHZXW128E079288A,3749.0,TRDPGXU128F9339C2A,3657.0,TRXHFMI128F429B2F2,3583.0
TREKVTY128E0784BA3,TRFUJVJ128F426F2A2,2367.0,TRDPGXU128F9339C2A,1514.0,TRQAWKR128F425EEC3,1355.0
TRYNAAP128F427EF64,TRFUJVJ128F426F2A2,3703.0,TRDPGXU128F9339C2A,3494.0,TRWSYHO128F4282346,3410.0
TRFMWVJ128E0791E70,TRFUJVJ128F426F2A2,613.0,TRTLIKK128E07862DA,541.0,TRDPGXU128F9339C2A,461.0
TRLTTDC128E079380E,TRFUJVJ128F426F2A2,5681.0,TRWSYHO128F4282346,5126.0,TRDPGXU128F9339C2A,4861.0
TRUCWXA128F92E4944,TRFUJVJ128F426F2A2,1710.0,TRDPGXU128F9339C2A,1085.0,TRGLNKG128F9307689,1072.0
TRGQBAX128F426EFCA,TRFUJVJ128F426F2A2,4363.0,TRDPGXU128F9339C2A,4319.0,TRCHZXW128E079288A,3527.0
TRGSDTP128F92F76D1,TRFUJVJ128F426F2A2,8617.0,TRWSYHO128F4282346,6823.0,TREBGAA128E078FC52,5664.0
TRMRMTN128F92D426F,TRFUJVJ128F426F2A2,5582.0,TRBVPVV128F425F14F,4204.0,TRGUCIR128F933D817,4069.0
TRDFPTZ128F14B108C,TRDPGXU128F9339C2A,2513.0,TRFUJVJ128F426F2A2,2392.0,TRWSYHO128F4282346,2121.0
TROZEMN128F4262CCA,TRFUJVJ128F426F2A2,4724.0,TRDPGXU128F9339C2A,3817.0,TRYCBLK12903CE6A0E,3260.0
TRGAZWQ12903CB0BA9,TRFUJVJ128F426F2A2,1466.0,TRDPGXU128F9339C2A,1176.0,TRLCWTH128F92C7F82,1002.0
TRSNACX128E078AA88,TREZBFM128F428508A,4327.0,TRFUJVJ128F426F2A2,3842.0,TRUGLTC128F4227B93,3580.0
TRXCQOC12903CB0BBA,TRFUJVJ128F426F2A2,1637.0,TRDPGXU128F9339C2A,1278.0,TRYCBLK12903CE6A0E,1016.0
TRPGPVH128F429B2F0,TRFUJVJ128F426F2A2,4554.0,TRDPGXU128F9339C2A,3753.0,TRWSYHO128F4282346,3492.0
TRHLRGU128F42643FB,TRFUJVJ128F426F2A2,3007.0,TRWSYHO128F4282346,2423.0,TRGLNKG128F9307689,2140.0
TRFCCKL128F426EE8E,TRFUJVJ128F426F2A2,7190.0,TRDPGXU128F9339C2A,5605.0,TRWSYHO128F4282346,4521.0
TRGOYOU128F93223F2,TRFUJVJ128F426F2A2,1454.0,TRDPGXU128F9339C2A,1186.0,TRGLNKG128F9307689,1144.0
TROMGSH128F427A408,TRYCBLK12903CE6A0E,1718.0,TRAUNHR128F92DBBC1,1594.0,TRXJTJZ128F4295464,1481.0
TRFBWEC128F42B8346,TRFUJVJ128F426F2A2,4500.0,TRDPGXU128F9339C2A,3401.0,TRWSYHO128F4282346,3122.0
TRDVYVJ128F426F7C0,TRFUJVJ128F426F2A2,3985.0,TRDPGXU128F9339C2A,3634.0,TRGUCIR128F933D817,2801.0
TREKVGV128E0788976,TRFUJVJ128F426F2A2,2977.0,TRWSYHO128F4282346,2510.0,TREBGAA128E078FC52,2368.0
TRUUBKE128F426F5C0,TRFUJVJ128F426F2A2,3136.0,TRDPGXU128F9339C2A,2180.0,TRTLIKK128E07862DA,2127.0
TRJZYIT128F426D5BE,TRFUJVJ128F426F2A2,4436.0,TRWSYHO128F4282346,3564.0,TRQAWKR128F425EEC3,3240.0
TRYOIZM128F14567A0,TRFUJVJ128F426F2A2,2508.0,TRDPGXU128F9339C2A,2241.0,TRQAWKR128F425EEC3,2060.0
TRQYFLB128E078941E,TRFUJVJ128F426F2A2,3347.0,TRWSYHO128F4282346,3295.0,TREBGAA128E078FC52,2643.0
TRZUSDI128F4259806,TRWSYHO128F4282346,2749.0,TRFUJVJ128F426F2A2,2386.0,TREBGAA128E078FC52,2034.0
TRWUFEW128F14782F3,TRFUJVJ128F426F2A2,4171.0,TRDPGXU128F9339C2A,3187.0,TRCHZXW128E079288A,3124.0
TRPZXTD128F14856D4,TRFUJVJ128F426F2A2,3048.0,TRDPGXU128F9339C2A,2639.0,TRCHZXW128E079288A,2166.0
TRIOKOC128F4267572,TRFUJVJ128F426F2A2,6689.0,TRWSYHO128F4282346,5830.0,TREBGAA128E078FC52,4980.0
TREBQMO128F42828DB,TRFUJVJ128F426F2A2,4731.0,TRWSYHO128F4282346,3964.0,TRDPGXU128F9339C2A,3735.0
TRIQKDQ128F146F504,TRFUJVJ128F426F2A2,3840.0,TREBGAA128E078FC52,3147.0,TRDPGXU128F9339C2A,3129.0
TRBFURI128F1455498,TRFUJVJ128F426F2A2,3820.0,TRWSYHO128F4282346,3403.0,TRDPGXU128F9339C2A,3189.0
TRVLECJ128E078235B,TRDPGXU128F9339C2A,5200.0,TRFUJVJ128F426F2A2,4868.0,TREBGAA128E078FC52,4562.0
TRMLKKJ128E0798A59,TRFUJVJ128F426F2A2,5305.0,TRWSYHO128F4282346,4323.0,TREBGAA128E078FC52,3824.0
TRYBZQD12903CD1380,TRDPGXU128F9339C2A,2505.0,TRCHZXW128E079288A,2269.0,TRFUJVJ128F426F2A2,2189.0
TRHYZQR128F428F5C5,TRFUJVJ128F426F2A2,8750.0,TRWSYHO128F4282346,7472.0,TRDPGXU128F9339C2A,6899.0
TRPQDHV128E07845CB,TRFUJVJ128F426F2A2,3980.0,TRWSYHO128F4282346,3177.0,TREBGAA128E078FC52,2856.0
TRHAGFQ128F428B8EA,TRFUJVJ128F426F2A2,2853.0,TRWSYHO128F4282346,2582.0,TREBGAA128E078FC52,2236.0
TRQXYGU128E079236A,TRFUJVJ128F426F2A2,16403.0,TRWSYHO128F4282346,13125.0,TREBGAA128E078FC52,11110.0
TRBUESY128F92F81F6,TRUEGMJ128F148D40C,5646.0,TRWSYHO128F4282346,5165.0,TRPBLTG128F933924A,4988.0
TRPDBLM128E0792367,TRFUJVJ128F426F2A2,7908.0,TRBVPVV128F425F14F,6512.0,TRGUCIR128F933D817,6373.0
TRLINLH128F9346400,TRTLIKK128E07862DA,10279.0,TRFUJVJ128F426F2A2,9253.0,TRDPGXU128F9339C2A,5715.0
TREPPUG128F9301FAB,TRFUJVJ128F426F2A2,8731.0,TRWSYHO128F4282346,7236.0,TRDPGXU128F9339C2A,6427.0
TRBBVNR128E078E1E4,TRFUJVJ128F426F2A2,6243.0,TREXCMT128F933D825,5347.0,TRLCWTH128F92C7F82,4786.0
TRTJVGX128E078EB1C,TRFUJVJ128F426F2A2,2904.0,TRDPGXU128F9339C2A,2547.0,TRWSYHO128F4282346,2255.0
TRDJOCY128F4294CD5,TRFUJVJ128F426F2A2,7877.0,TRDPGXU128F9339C2A,6292.0,TRWSYHO128F4282346,5811.0
TREADOS128E078EC1F,TRFUJVJ128F426F2A2,9605.0,TRDPGXU128F9339C2A,9469.0,TRCHZXW128E079288A,8214.0
TRHPAVK128E078EC9C,TRFUJVJ128F426F2A2,8216.0,TRDPGXU128F9339C2A,7588.0,TRCHZXW128E079288A,6209.0
TRGLNKG128F9307689,TRFUJVJ128F426F2A2,22766.0,TRWSYHO128F4282346,18521.0,TRDPGXU128F9339C2A,16797.0
TRCHZXW128E079288A,TRDPGXU128F9339C2A,17013.0,TRFUJVJ128F426F2A2,16626.0,TRWSYHO128F4282346,14068.0
TRCDLUM128F9331CA9,TRFUJVJ128F426F2A2,7931.0,TRWSYHO128F4282346,7167.0,TREBGAA128E078FC52,6340.0
TRPMNRL128F9302AD7,TRFUJVJ128F426F2A2,14362.0,TRDPGXU128F9339C2A,11253.0,TRWSYHO128F4282346,11057.0
TRRIRMX128F92E6272,TRHJDKU128F1456E10,8786.0,TRUGLTC128F4227B93,6272.0,TRDPGXU128F9339C2A,6231.0
TRCEYQJ128E07862DE,TRFUJVJ128F426F2A2,8107.0,TRDPGXU128F9339C2A,7905.0,TRCHZXW128E079288A,7155.0
TRZGUNN128E07862F7,TRFUJVJ128F426F2A2,7878.0,TRDPGXU128F9339C2A,7351.0,TRCHZXW128E079288A,6530.0
TRTVTYS128E0792887,TRFUJVJ128F426F2A2,10439.0,TRDPGXU128F9339C2A,9936.0,TRWSYHO128F4282346,9500.0
TRBEBJO128C719646B,TRFUJVJ128F426F2A2,20757.0,TRDPGXU128F9339C2A,16731.0,TRWSYHO128F4282346,16494.0
TRMWYIH128E078DCA6,TRFUJVJ128F426F2A2,9575.0,TRDPGXU128F9339C2A,7227.0,TRWSYHO128F4282346,6326.0
TRHXTHR128F145E864,TRFUJVJ128F426F2A2,7411.0,TRDPGXU128F9339C2A,6648.0,TRCHZXW128E079288A,5497.0
TRQRAKE128F9322866,TRFUJVJ128F426F2A2,16833.0,TRWSYHO128F4282346,14552.0,TREBGAA128E078FC52,11823.0
TRCDAUA128E0784644,TRFUJVJ128F426F2A2,9611.0,TRWSYHO128F4282346,8460.0,TREBGAA128E078FC52,6725.0
TRBCPZS128F145ECC1,TRFUJVJ128F426F2A2,7559.0,TRQAWKR128F425EEC3,6921.0,TREZBFM128F428508A,6009.0
TRWFVOW128E0793847,TRFUJVJ128F426F2A2,6947.0,TRDPGXU128F9339C2A,5817.0,TRQAWKR128F425EEC3,5648.0
TRWZWOX128F935A084,TRFUJVJ128F426F2A2,5677.0,TRUEPSG128F149639E,5057.0,TRXHMID128F42BA902,5031.0
TRXGBGU128F935A092,TRFUJVJ128F426F2A2,6535.0,TRDPGXU128F9339C2A,5407.0,TRWSYHO128F4282346,5135.0
TRFKPZK128F935A08D,TRUGLTC128F4227B93,6024.0,TRVLIZK128F428845E,5223.0,TRFUJVJ128F426F2A2,5089.0
TRWVTDX128F931ECEF,TRFUJVJ128F426F2A2,8072.0,TRDPGXU128F9339C2A,7106.0,TRWSYHO128F4282346,5644.0
TRWTZGX128F149535F,TRFUJVJ128F426F2A2,5985.0,TRDPGXU128F9339C2A,4891.0,TRBVPVV128F425F14F,4576.0
TRCACEF128F42434D7,TRFUJVJ128F426F2A2,4262.0,TRQLSLN12903CA37C3,3395.0,TRDPGXU128F9339C2A,3224.0
TRCQNWN128F92EA07D,TRFUJVJ128F426F2A2,5138.0,TRWSYHO128F4282346,4480.0,TRDPGXU128F9339C2A,4091.0
TRYHHXT128F4276F89,TRFUJVJ128F426F2A2,6437.0,TRDPGXU128F9339C2A,5453.0,TRWSYHO128F4282346,5239.0
TRIGDUK128E0784045,TRFUJVJ128F426F2A2,5629.0,TRDPGXU128F9339C2A,5095.0,TRWSYHO128F4282346,4948.0
TRNVKOI128E0799173,TRFUJVJ128F426F2A2,15031.0,TRDPGXU128F9339C2A,13137.0,TRWSYHO128F4282346,11084.0
TRLVRJP128F93519FB,TRFUJVJ128F426F2A2,10509.0,TRDPGXU128F9339C2A,9207.0,TRWSYHO128F4282346,7901.0
TRBZXAC12903CBB0CE,TRFUJVJ128F426F2A2,10649.0,TRDPGXU128F9339C2A,8009.0,TRWSYHO128F4282346,7264.0
TRUNSXQ128E078B97D,TRFUJVJ128F426F2A2,2939.0,TRUGLTC128F4227B93,2498.0,TRVLIZK128F428845E,2452.0
TRFUJLG128F4255312,TRFUJVJ128F426F2A2,6146.0,TRWSYHO128F4282346,5387.0,TRDPGXU128F9339C2A,5357.0
TRQPMHA128E078B979,TRFUJVJ128F426F2A2,8846.0,TRWSYHO128F4282346,8012.0,TRGLNKG128F9307689,6826.0
TRZPSAF128F9349767,TRUGLTC128F4227B93,2766.0,TRFUJVJ128F426F2A2,2715.0,TRVLIZK128F428845E,2651.0
TRAEPAC12903CE5DC8,TRFUJVJ128F426F2A2,4629.0,TRWSYHO128F4282346,4033.0,TRUGLTC128F4227B93,3503.0
TRMJMVW12903CD44F4,TRFUJVJ128F426F2A2,628.0,TREXCMT128F933D825,436.0,TRDPGXU128F9339C2A,412.0
TRBXTYM128F930793B,TRFUJVJ128F426F2A2,5170.0,TRDPGXU128F9339C2A,4761.0,TRQAWKR128F425EEC3,4288.0
TRFORZM12903CDF88C,TRFUJVJ128F426F2A2,1674.0,TRDPGXU128F9339C2A,1136.0,TRQAWKR128F425EEC3,944.0
TREMJFY12903CF1630,TRFUJVJ128F426F2A2,1400.0,TRDPGXU128F9339C2A,806.0,TRUWTMI128F92E3892,714.0
TRKBPHV128F92E3B2D,TRFUJVJ128F426F2A2,1899.0,TRQAWKR128F425EEC3,1525.0,TRFLWJZ128F425C9E4,1354.0
TRHYGVQ12903D046A9,TRFUJVJ128F426F2A2,1572.0,TRDPGXU128F9339C2A,1120.0,TRWSYHO128F4282346,1070.0
TRWIGSY128F92FE6B6,TRFUJVJ128F426F2A2,1247.0,TRQAWKR128F425EEC3,1090.0,TRDPGXU128F9339C2A,1004.0
TRHEGPE128F9311A85,TRDPGXU128F9339C2A,1997.0,TRFUJVJ128F426F2A2,1906.0,TRWSYHO128F4282346,1771.0
TRWZCIQ12903C97881,TRFUJVJ128F426F2A2,3250.0,TRPZAPZ128F9341D3E,2375.0,TRDPGXU128F9339C2A,2150.0
TREENNZ128F145B67D,TRFUJVJ128F426F2A2,3712.0,TRDPGXU128F9339C2A,3221.0,TRGLNKG128F9307689,3085.0
TRVUYIL128F4275FAD,TRFUJVJ128F426F2A2,2218.0,TRDPGXU128F9339C2A,1625.0,TRLUXWO128F14618D6,1563.0
TRHOXSK128F145C9F9,TRFUJVJ128F426F2A2,3398.0,TRWSYHO128F4282346,2878.0,TRDPGXU128F9339C2A,2441.0
TRETXLU12903CD5688,TRFUJVJ128F426F2A2,3806.0,TRWSYHO128F4282346,2567.0,TRDPGXU128F9339C2A,2556.0
TRORBTM128F93368FB,TRWSYHO128F4282346,2451.0,TRDPGXU128F9339C2A,2307.0,TRFUJVJ128F426F2A2,2297.0
TRFCNIJ128F423F32E,TRDPGXU128F9339C2A,3481.0,TRFUJVJ128F426F2A2,3363.0,TROIJDA128F9341E70,3249.0
TRYNZAL128F1464B5A,TRFUJVJ128F426F2A2,5323.0,TRWSYHO128F4282346,5013.0,TRUGLTC128F4227B93,4160.0
TRNGOHS128E0781235,TRFUJVJ128F426F2A2,3882.0,TRWSYHO128F4282346,3674.0,TRDPGXU128F9339C2A,3420.0
TRPPHPQ128F4258FFC,TRFUJVJ128F426F2A2,1880.0,TRFSCLD12903CD213F,1845.0,TRDPGXU128F9339C2A,1345.0
TRSSOKM128F1464B5C,TRFUJVJ128F426F2A2,3704.0,TRWSYHO128F4282346,3049.0,TRDPGXU128F9339C2A,2970.0
TRKMCAV128E0782298,TRFUJVJ128F426F2A2,2801.0,TRWSYHO128F4282346,2007.0,TRDPGXU128F9339C2A,1913.0
TRBQFLA128F423F329,TRFUJVJ128F426F2A2,3054.0,TRDPGXU128F9339C2A,2646.0,TRWSYHO128F4282346,2505.0
TRCLZPO128F427CD3A,TRFUJVJ128F426F2A2,4157.0,TRDPGXU128F9339C2A,3183.0,TRBEBJO128C719646B,2584.0
TRWAPCT128F1494611,TRFUJVJ128F426F2A2,5872.0,TRWSYHO128F4282346,5743.0,TREBGAA128E078FC52,5142.0
TRNBZVW128F92EE688,TRDPGXU128F9339C2A,1466.0,TRCHZXW128E079288A,1291.0,TRWSYHO128F4282346,1271.0
TRHZOEX128F93588AB,TRTLIKK128E07862DA,1301.0,TRFUJVJ128F426F2A2,1254.0,TRLINLH128F9346400,1110.0
TREOPOB128F427CD42,TRFUJVJ128F426F2A2,2258.0,TRDPGXU128F9339C2A,1667.0,TRFLWJZ128F425C9E4,1444.0
TRELLQK128F147AD94,TRFUJVJ128F426F2A2,4951.0,TRWSYHO128F4282346,3945.0,TRGLNKG128F9307689,3365.0
TRMOHUN128F424DEE6,TRUGLTC128F4227B93,2902.0,TRFUJVJ128F426F2A2,2801.0,TRBEBJO128C719646B,2711.0
TRSPEPD128F147AD9A,TRFUJVJ128F426F2A2,5940.0,TRWSYHO128F4282346,5442.0,TRDPGXU128F9339C2A,5336.0
TRAQUUU128F147A689,TRFUJVJ128F426F2A2,4460.0,TRDPGXU128F9339C2A,4131.0,TROIJDA128F9341E70,3401.0
TREIANS128F147AD97,TRFUJVJ128F426F2A2,9817.0,TRDPGXU128F9339C2A,8300.0,TRWSYHO128F4282346,7863.0
TRPWTNZ128F147AD9F,TRFUJVJ128F426F2A2,4859.0,TRDPGXU128F9339C2A,4484.0,TRWSYHO128F4282346,3974.0
TRNDNKN12903CC8A4C,TRFUJVJ128F426F2A2,7297.0,TRWSYHO128F4282346,6537.0,TRDPGXU128F9339C2A,5055.0
TRJALGV12903D0447E,TRUGLTC128F4227B93,3082.0,TRVLIZK128F428845E,3028.0,TRFUJVJ128F426F2A2,2730.0
TRPQFJA128F145AC60,TRFUJVJ128F426F2A2,1799.0,TRDPGXU128F9339C2A,1739.0,TRFLWJZ128F425C9E4,1620.0
TRHBSKB128E07924CB,TRTHNFG12903D0CE54,3303.0,TRLRQUX128F932ECC5,2942.0,TRWAGNG128F4286598,2858.0
TRBSLQC128F9333C5D,TRTHNFG12903D0CE54,2333.0,TRIJHLY12903D0CE4D,1857.0,TRWQZXS128F92DB731,1581.0
TRGJXTC128F4278ECC,TRTHNFG12903D0CE54,2618.0,TRIJHLY12903D0CE4D,2117.0,TRWAGNG128F4286598,1872.0
TRQEQHH12903CA6CE5,TRTHNFG12903D0CE54,3176.0,TRTJLTW12903CFF1E9,2689.0,TRWQZXS128F92DB731,2671.0
TRXMTST12903CCD9E1,TRTHNFG12903D0CE54,1910.0,TRIJHLY12903D0CE4D,1524.0,TRSABJR128F429C84B,1327.0
TRAQEOP12903CA65E2,TRTHNFG12903D0CE54,1271.0,TRIJHLY12903D0CE4D,1038.0,TRUKWZW128F92CADC2,939.0
TRSRORJ128E0791C74,TRZZQIP128F92EFEAD,1407.0,TRDOJIR128F42840C0,1343.0,TRTHNFG12903D0CE54,1222.0
TRYDDZE128F92F3B79,TRTHNFG12903D0CE54,1983.0,TRIJHLY12903D0CE4D,1710.0,TRWQZXS128F92DB731,1406.0
TREGBAS128F145EC8B,TRWQZXS128F92DB731,1633.0,TRTHNFG12903D0CE54,1622.0,TRIJHLY12903D0CE4D,1550.0
TRXQFEE128F145EC9A,TRTHNFG12903D0CE54,1636.0,TRIJHLY12903D0CE4D,1433.0,TRWQZXS128F92DB731,1349.0
TRZGBAF128F145ECA8,TRTHNFG12903D0CE54,945.0,TRIJHLY12903D0CE4D,748.0,TRUGLTC128F4227B93,718.0
TRUQGGJ128F427E02B,TRTHNFG12903D0CE54,2870.0,TRIJHLY12903D0CE4D,2305.0,TRWQZXS128F92DB731,1816.0
TRDEKRZ128E0791C7A,TRTHNFG12903D0CE54,1694.0,TRIJHLY12903D0CE4D,1623.0,TRTJLTW12903CFF1E9,1450.0
TRFFSMS128F428BC88,TRFUJVJ128F426F2A2,13632.0,TRWSYHO128F4282346,12008.0,TREBGAA128E078FC52,10887.0
TRUPWID128F4215874,TRTHNFG12903D0CE54,2101.0,TRIJHLY12903D0CE4D,1912.0,TRGQZPV12903CC3EB3,1730.0
TRIIBVP128E0792750,TRFUJVJ128F426F2A2,6600.0,TRWSYHO128F4282346,6088.0,TRQAWKR128F425EEC3,4367.0
TRQMXBD128F145ECA2,TRTHNFG12903D0CE54,1950.0,TRIJHLY12903D0CE4D,1664.0,TRUKWZW128F92CADC2,1515.0
TREGRRQ128F145EC8D,TRTHNFG12903D0CE54,2723.0,TRIJHLY12903D0CE4D,2313.0,TRWQZXS128F92DB731,1972.0
TRLILBA128F42158A3,TRTHNFG12903D0CE54,1781.0,TRWQZXS128F92DB731,1540.0,TRWAGNG128F4286598,1532.0
TRBFJPO128F4295BE3,TRTHNFG12903D0CE54,687.0,TRRKWPY12903CAAC5D,576.0,TRWAGNG128F4286598,543.0
TRCLERB12903CBBC8D,TRFUJVJ128F426F2A2,1944.0,TRWSYHO128F4282346,1399.0,TRDPGXU128F9339C2A,1243.0
TRNXCMJ128F4295BC6,TRTHNFG12903D0CE54,2540.0,TRDVUEH12903D0FAA9,1973.0,TRRCXJT128F425BB27,1868.0
TRNXJGR128F93044E7,TRTHNFG12903D0CE54,1325.0,TRIJHLY12903D0CE4D,1247.0,TRWQZXS128F92DB731,1004.0
TRJHDIB128F92E5849,TRTHNFG12903D0CE54,1756.0,TRIJHLY12903D0CE4D,1436.0,TRRKWPY12903CAAC5D,1398.0
TRYQVKS128F4259A11,TRFUJVJ128F426F2A2,3945.0,TRDPGXU128F9339C2A,2783.0,TRQAWKR128F425EEC3,2768.0
TRSOTQI128E0789132,TRFUJVJ128F426F2A2,2965.0,TRUGLTC128F4227B93,2314.0,TRDPGXU128F9339C2A,2066.0
TRZHOUV128F9316269,TRZZQIP128F92EFEAD,627.0,TRTHNFG12903D0CE54,614.0,TRDOJIR128F42840C0,601.0
TRPXMGA128F42A98BA,TRDPGXU128F9339C2A,1122.0,TRRSNPA128F148C45E,1113.0,TRIMKIC128F4271EA8,1109.0
TRBYMWR128F425DD8E,TRFFSMS128F428BC88,1932.0,TRTHNFG12903D0CE54,1779.0,TRLUGVB128F428E704,1748.0
TRPAZDJ128F42881A1,TRZZQIP128F92EFEAD,2808.0,TRDOJIR128F42840C0,2595.0,TRTHNFG12903D0CE54,2494.0
TRHZGZO128F9341C4A,TRTHNFG12903D0CE54,2421.0,TRIJHLY12903D0CE4D,2178.0,TRDVUEH12903D0FAA9,1658.0
TRDFNLR12903CB0FE4,TRTHNFG12903D0CE54,2804.0,TRWQZXS128F92DB731,2504.0,TRTJLTW12903CFF1E9,2440.0
TROBWIG12903CB0FD7,TRTHNFG12903D0CE54,1915.0,TRIJHLY12903D0CE4D,1542.0,TRWQZXS128F92DB731,1308.0
TRDWUTF12903CA9249,TRTHNFG12903D0CE54,1368.0,TRIJHLY12903D0CE4D,1265.0,TRUKWZW128F92CADC2,1257.0
TRCRNBS128F9347F55,TRFFSMS128F428BC88,3888.0,TRLUGVB128F428E704,3474.0,TRTJLTW12903CFF1E9,2940.0
TRDYKYQ12903CAD2B8,TRTHNFG12903D0CE54,1123.0,TRIJHLY12903D0CE4D,963.0,TRDVUEH12903D0FAA9,811.0
TRAYQRI12903CAD2A1,TRTHNFG12903D0CE54,1263.0,TRTJLTW12903CFF1E9,1189.0,TRIJHLY12903D0CE4D,1154.0
TRGFMTT12903CAD2A2,TRIJHLY12903D0CE4D,1253.0,TRTHNFG12903D0CE54,1226.0,TRWQZXS128F92DB731,1193.0
TRJXNZL128F92E54EE,TRTHNFG12903D0CE54,2547.0,TRTJLTW12903CFF1E9,2002.0,TRIJHLY12903D0CE4D,1951.0
TRDOVAF128F93112F7,TRFUJVJ128F426F2A2,2783.0,TRQAWKR128F425EEC3,2126.0,TRLCWTH128F92C7F82,2124.0
TRVPMSA128F9331D03,TRDPGXU128F9339C2A,1689.0,TRFUJVJ128F426F2A2,1523.0,TREBGAA128E078FC52,1448.0
TRPCZPE12903CAF5BD,TRFUJVJ128F426F2A2,3310.0,TRDPGXU128F9339C2A,2658.0,TRWSYHO128F4282346,2620.0
TRNUDHG12903CAF56B,TRFUJVJ128F426F2A2,626.0,TRTLIKK128E07862DA,343.0,TRLDRYJ128F930BBB4,341.0
TRJAABI12903CF759F,TRFUJVJ128F426F2A2,5559.0,TRWSYHO128F4282346,4362.0,TRGLNKG128F9307689,3888.0
TRREMAP128F42983BD,TRFUJVJ128F426F2A2,2505.0,TRGUCIR128F933D817,1834.0,TRDPGXU128F9339C2A,1811.0
TRFRDZW128F429C337,TRFUJVJ128F426F2A2,7876.0,TREBGAA128E078FC52,6915.0,TRDPGXU128F9339C2A,6895.0
TRHVUCJ128F934B68C,TRWSYHO128F4282346,1451.0,TRFUJVJ128F426F2A2,1318.0,TRDPGXU128F9339C2A,1187.0
TRIBZVH128F934B68D,TRFUJVJ128F426F2A2,1358.0,TRDPGXU128F9339C2A,1172.0,TRGLNKG128F9307689,1076.0
TRZOLOQ128F428FA00,TRFUJVJ128F426F2A2,623.0,TRTLIKK128E07862DA,527.0,TRFLWJZ128F425C9E4,510.0
TRFQWAQ128F14B084D,TRFUJVJ128F426F2A2,3021.0,TRWSYHO128F4282346,2329.0,TRDPGXU128F9339C2A,2184.0
TRLKWJA128F92E154E,TRDPGXU128F9339C2A,787.0,TRBVPVV128F425F14F,776.0,TRRSNPA128F148C45E,719.0
TRNQSWR128EF34375F,TRTLIKK128E07862DA,2670.0,TRFUJVJ128F426F2A2,2651.0,TRYQAJC128F145A2CF,2586.0
TRGQLSE128F93257D8,TRTLIKK128E07862DA,1494.0,TREADOS128E078EC1F,1075.0,TRFUJVJ128F426F2A2,1035.0
TRCAWAA128F93257D1,TRFUJVJ128F426F2A2,3589.0,TRDPGXU128F9339C2A,2555.0,TRWSYHO128F4282346,2457.0
TRWPRIF128EF34B8F8,TRFUJVJ128F426F2A2,2909.0,TRTLIKK128E07862DA,2041.0,TRDPGXU128F9339C2A,1815.0
TRKLLYD128F4273FF4,TRFUJVJ128F426F2A2,5555.0,TRWSYHO128F4282346,4147.0,TRGLNKG128F9307689,4014.0
TRQJQNX128F4266704,TRFUJVJ128F426F2A2,2136.0,TRDPGXU128F9339C2A,1480.0,TRGLNKG128F9307689,1399.0
TRYIKZR128E0783C64,TRDPGXU128F9339C2A,1522.0,TRFUJVJ128F426F2A2,1485.0,TRRSNPA128F148C45E,1342.0
TRIOZOZ128F92FA0C2,TRDPGXU128F9339C2A,7906.0,TRCHZXW128E079288A,7598.0,TRKLJAG128F42B31CF,7414.0
TRUHHWN128F93045BA,TRUGLTC128F4227B93,1981.0,TRRIRMX128F92E6272,1906.0,TRFUJVJ128F426F2A2,1870.0
TRJHNLI128F934B2CA,TRTLIKK128E07862DA,815.0,TRDPGXU128F9339C2A,724.0,TRFUJVJ128F426F2A2,724.0
TRQGFHN128F428643E,TRFUJVJ128F426F2A2,6553.0,TRWSYHO128F4282346,6296.0,TREBGAA128E078FC52,5931.0
TRHCDHI128F92C4B9B,TRFUJVJ128F426F2A2,5014.0,TRWSYHO128F4282346,4682.0,TREBGAA128E078FC52,3907.0
TRVHKNP128F429DDCE,TRFUJVJ128F426F2A2,3135.0,TRWSYHO128F4282346,2542.0,TRDPGXU128F9339C2A,2420.0
TREFLCZ128F4236589,TRFUJVJ128F426F2A2,1777.0,TRYQAJC128F145A2CF,1776.0,TRFFSMS128F428BC88,1498.0
TRQFRJG128F4260199,TRFUJVJ128F426F2A2,3473.0,TRDPGXU128F9339C2A,2908.0,TRWSYHO128F4282346,2291.0
TRMFSTL128F427B6C1,TRFUJVJ128F426F2A2,4268.0,TRDPGXU128F9339C2A,3816.0,TRWSYHO128F4282346,3325.0
TRALERK12903CDCAFD,TRFUJVJ128F426F2A2,1972.0,TRGUCIR128F933D817,1384.0,TRBVPVV128F425F14F,1382.0
TRDIJKP12903CDCAF4,TRFUJVJ128F426F2A2,1761.0,TRDPGXU128F9339C2A,1390.0,TRGLNKG128F9307689,1161.0
TRZQYIJ128F92E7F49,TRFUJVJ128F426F2A2,1626.0,TRFSCLD12903CD213F,1182.0,TRKRVKD128F9327008,1013.0
TRMYVVL128F92E865E,TRFUJVJ128F426F2A2,2289.0,TRTLIKK128E07862DA,2216.0,TRDPGXU128F9339C2A,2135.0
TRIKFKO128F426A6FC,TRFUJVJ128F426F2A2,3160.0,TRDPGXU128F9339C2A,2246.0,TRQAWKR128F425EEC3,2051.0
TRJAFPP128F426AB25,TRWSYHO128F4282346,5819.0,TRFUJVJ128F426F2A2,5190.0,TRHNOMB12903CB2544,4318.0
TRYMCCD128F421CD27,TRFUJVJ128F426F2A2,4753.0,TRWSYHO128F4282346,3783.0,TRDPGXU128F9339C2A,3635.0
TRVIFKS128F426813A,TRFUJVJ128F426F2A2,2491.0,TRDPGXU128F9339C2A,2308.0,TRFFSMS128F428BC88,2142.0
TRLHJMW128F1493BA1,TRFUJVJ128F426F2A2,3989.0,TRDPGXU128F9339C2A,3698.0,TRWSYHO128F4282346,3159.0
TRZGXNM128F1451ADF,TRFUJVJ128F426F2A2,2778.0,TRDPGXU128F9339C2A,2016.0,TRTLIKK128E07862DA,1833.0
TROGUOT128F147F39A,TRFUJVJ128F426F2A2,4990.0,TRWSYHO128F4282346,3658.0,TRGLNKG128F9307689,3483.0
TRJYSJS128EF356B75,TRFUJVJ128F426F2A2,9791.0,TRWSYHO128F4282346,8922.0,TRVLIZK128F428845E,7795.0
TRSUANW128F930BD52,TRFUJVJ128F426F2A2,2009.0,TRDPGXU128F9339C2A,1722.0,TRCHZXW128E079288A,1405.0
TRRIRCF128F426A606,TRFUJVJ128F426F2A2,8798.0,TRWSYHO128F4282346,7672.0,TRGLNKG128F9307689,7036.0
TREUPHA128F4278F34,TRFUJVJ128F426F2A2,7579.0,TRWSYHO128F4282346,6234.0,TRDPGXU128F9339C2A,5254.0
TRQAWKR128F425EEC3,TRFUJVJ128F426F2A2,22971.0,TRWSYHO128F4282346,19432.0,TRDPGXU128F9339C2A,15159.0
TRCYAYD128F92F3758,TRFUJVJ128F426F2A2,4979.0,TRUGLTC128F4227B93,4785.0,TRVLIZK128F428845E,4464.0
TRGJXNX128F92F8757,TRFUJVJ128F426F2A2,4104.0,TRDPGXU128F9339C2A,4058.0,TRWSYHO128F4282346,3618.0
TRNQDAJ128F92F4AE0,TRFUJVJ128F426F2A2,5698.0,TRWSYHO128F4282346,4709.0,TRBEBJO128C719646B,4008.0
TRHKYKI128E07921BC,TRDPGXU128F9339C2A,5514.0,TRCHZXW128E079288A,4976.0,TRFUJVJ128F426F2A2,4622.0
TRTJYFF128F9340CA9,TRFUJVJ128F426F2A2,2496.0,TRBVPVV128F425F14F,2054.0,TRGUCIR128F933D817,2044.0
TRMBGMX128F92FD769,TRFUJVJ128F426F2A2,12494.0,TRWSYHO128F4282346,9967.0,TRGLNKG128F9307689,8848.0
TRWMZQL128F9306DCB,TRFUJVJ128F426F2A2,7134.0,TRWSYHO128F4282346,6537.0,TRDPGXU128F9339C2A,6522.0
TRRIZDV128F92C1F17,TRDPGXU128F9339C2A,1039.0,TRFUJVJ128F426F2A2,1025.0,TRBEBJO128C719646B,989.0
TREXAZN128F425A825,TRFUJVJ128F426F2A2,4849.0,TRWSYHO128F4282346,3575.0,TRUGLTC128F4227B93,3340.0
TRFYGMB128F425A7A2,TRFUJVJ128F426F2A2,8293.0,TRWSYHO128F4282346,7445.0,TREBGAA128E078FC52,6090.0
TRSRDVR128F92E6CF4,TRWSYHO128F4282346,5891.0,TRFUJVJ128F426F2A2,5886.0,TREBGAA128E078FC52,4997.0
TRNHATG128F428BC8A,TRWSYHO128F4282346,5753.0,TRFUJVJ128F426F2A2,5725.0,TREBGAA128E078FC52,4868.0
TREMCSO128F4215877,TRTHNFG12903D0CE54,2382.0,TRRKWPY12903CAAC5D,2139.0,TRWAGNG128F4286598,2070.0
TRMMVPU128F145EC99,TRTHNFG12903D0CE54,3252.0,TRWAGNG128F4286598,2707.0,TRIJHLY12903D0CE4D,2568.0
TRFKPYW128F92F21C5,TRTHNFG12903D0CE54,2295.0,TRIJHLY12903D0CE4D,1947.0,TRTJLTW12903CFF1E9,1893.0
TRCUKHR128F92DF656,TRFUJVJ128F426F2A2,9640.0,TRWSYHO128F4282346,9321.0,TRGLNKG128F9307689,7152.0
TRDLWAP128F428F6B9,TRFUJVJ128F426F2A2,2374.0,TRDPGXU128F9339C2A,2114.0,TRTLIKK128E07862DA,2024.0
TRPEWXU12903CE6EA2,TRFUJVJ128F426F2A2,11672.0,TROIJDA128F9341E70,10461.0,TRDPGXU128F9339C2A,9474.0
TRAYJOF128F92F9EEA,TRFUJVJ128F426F2A2,9255.0,TRWSYHO128F4282346,8700.0,TRDPGXU128F9339C2A,7576.0
TRARKBB128F92E9468,TRFUJVJ128F426F2A2,983.0,TRYCBLK12903CE6A0E,770.0,TRIAELA128F149EEE6,764.0
TRFBXJZ128F92D25C0,TRFUJVJ128F426F2A2,2566.0,TRDPGXU128F9339C2A,2058.0,TRWSYHO128F4282346,2056.0
TRICXDK128F92CBC3C,TRFUJVJ128F426F2A2,5411.0,TRWSYHO128F4282346,5291.0,TRDPGXU128F9339C2A,4549.0
TRZNHJN128F4293FC2,TRFUJVJ128F426F2A2,8741.0,TRWSYHO128F4282346,7814.0,TRGLNKG128F9307689,6174.0
TRPKKZG128F92E495A,TRUEPSG128F149639E,665.0,TRXHMID128F42BA902,547.0,TROYGVY128E0788A36,456.0
TRVPPSC128F92EC9C2,TRFUJVJ128F426F2A2,3451.0,TRWSYHO128F4282346,3062.0,TRDPGXU128F9339C2A,2885.0
TRCJADX128F428D3E0,TRFUJVJ128F426F2A2,11300.0,TRWSYHO128F4282346,8604.0,TRDPGXU128F9339C2A,8578.0
TRKJKJV128F425E247,TRFUJVJ128F426F2A2,3223.0,TRWSYHO128F4282346,3098.0,TRDPGXU128F9339C2A,2489.0
TRXMQNH128F4287D61,TRFUJVJ128F426F2A2,10860.0,TRWSYHO128F4282346,10022.0,TREBGAA128E078FC52,9587.0
TRXXPYK128F14805B7,TRFUJVJ128F426F2A2,3709.0,TRWSYHO128F4282346,3303.0,TREBGAA128E078FC52,2926.0
TRGQFUZ128F92ED646,TRFUJVJ128F426F2A2,3180.0,TRQAWKR128F425EEC3,2376.0,TRDPGXU128F9339C2A,2150.0
TRPAJJF128F428D18A,TRANAPL128F42BA7D6,5075.0,TRFUJVJ128F426F2A2,4369.0,TRDPGXU128F9339C2A,4154.0
TRLPDIB128F42289CC,TRFUJVJ128F426F2A2,8660.0,TRWSYHO128F4282346,7165.0,TRUGLTC128F4227B93,6896.0
TRJTTMZ128F930924B,TRFUJVJ128F426F2A2,12190.0,TRWSYHO128F4282346,11738.0,TRDPGXU128F9339C2A,9832.0
TRKGGHK128F42999EF,TRFUJVJ128F426F2A2,4724.0,TRDPGXU128F9339C2A,4639.0,TRWSYHO128F4282346,3963.0
TRLTYLK128F92FE6FF,TRFUJVJ128F426F2A2,13754.0,TRWSYHO128F4282346,12861.0,TRDPGXU128F9339C2A,11876.0
TRNEGIP128F4296261,TRFUJVJ128F426F2A2,9339.0,TRWSYHO128F4282346,7408.0,TRDPGXU128F9339C2A,6578.0
TRUWOUE128F14867BF,TRFUJVJ128F426F2A2,2123.0,TRDPGXU128F9339C2A,1578.0,TRWSYHO128F4282346,1533.0
TRFJKWU12903CC37B1,TRWSYHO128F4282346,1492.0,TRFUJVJ128F426F2A2,1490.0,TRGLNKG128F9307689,1447.0
TRVEUUV128F428AB29,TRFUJVJ128F426F2A2,1348.0,TRDPGXU128F9339C2A,1270.0,TRFLWJZ128F425C9E4,1039.0
TRMZJSE12903D00E60,TRWSYHO128F4282346,5905.0,TRFUJVJ128F426F2A2,5816.0,TREBGAA128E078FC52,4893.0
TRIGZIY128F42348C1,TRFUJVJ128F426F2A2,2793.0,TRDPGXU128F9339C2A,2047.0,TRFLWJZ128F425C9E4,2012.0
TRZGUYI128F42368DF,TRFUJVJ128F426F2A2,5177.0,TRWSYHO128F4282346,4914.0,TRDPGXU128F9339C2A,4544.0
TRJQRJO12903D00E65,TRFUJVJ128F426F2A2,3802.0,TRWSYHO128F4282346,3555.0,TRDPGXU128F9339C2A,2908.0
TRQMNKZ12903D00E5B,TRDPGXU128F9339C2A,1452.0,TRCHZXW128E079288A,1366.0,TRFUJVJ128F426F2A2,1352.0
TRMZSJY128F4255BE9,TRFUJVJ128F426F2A2,1378.0,TRDPGXU128F9339C2A,1213.0,TRXHFMI128F429B2F2,1111.0
TRVQHEV128F4259AB2,TRFUJVJ128F426F2A2,4325.0,TRDPGXU128F9339C2A,4261.0,TRCHZXW128E079288A,3736.0
TRVMLEW128F425A82D,TRFUJVJ128F426F2A2,7461.0,TRWSYHO128F4282346,5484.0,TRQAWKR128F425EEC3,4925.0
TRWVZBZ128F1462E08,TRFUJVJ128F426F2A2,4526.0,TRDPGXU128F9339C2A,3248.0,TRWSYHO128F4282346,2679.0
TRQYGUV128F1462E01,TRFUJVJ128F426F2A2,5963.0,TRWSYHO128F4282346,4647.0,TRUGLTC128F4227B93,3760.0
TRBKLDM128F427D0DA,TRFUJVJ128F426F2A2,4386.0,TRDPGXU128F9339C2A,3217.0,TRWSYHO128F4282346,2976.0
TRKSDBX128F9345DC9,TRFUJVJ128F426F2A2,3517.0,TRDPGXU128F9339C2A,2586.0,TREBGAA128E078FC52,2339.0
TRMGOLR128F933A7DB,TRFUJVJ128F426F2A2,4185.0,TRKRVKD128F9327008,2796.0,TRFSCLD12903CD213F,2718.0
TRFNVPY128F92D2626,TRDPGXU128F9339C2A,3252.0,TRFUJVJ128F426F2A2,3062.0,TRCHZXW128E079288A,2899.0
TRPSYVF128F428A446,TRFUJVJ128F426F2A2,3935.0,TRDPGXU128F9339C2A,3449.0,TRWSYHO128F4282346,3367.0
TROGTUS128F932D6CB,TRFUJVJ128F426F2A2,4813.0,TRWSYHO128F4282346,4510.0,TREBGAA128E078FC52,3978.0
TRZVPFY128F92E19DF,TRFUJVJ128F426F2A2,6817.0,TRWSYHO128F4282346,6499.0,TRDPGXU128F9339C2A,5836.0
TRGAEVY128F428BEF6,TRFUJVJ128F426F2A2,2094.0,TRDPGXU128F9339C2A,1450.0,TRGLNKG128F9307689,1214.0
TRPTWJT128F422F239,TRFUJVJ128F426F2A2,3968.0,TRUGLTC128F4227B93,3347.0,TRVLIZK128F428845E,3061.0
TRPYGVQ128E078EFE9,TRFUJVJ128F426F2A2,5579.0,TRWSYHO128F4282346,4571.0,TREBGAA128E078FC52,4071.0
TRJNMGP128F92E0427,TRFUJVJ128F426F2A2,3317.0,TRDPGXU128F9339C2A,2241.0,TRBVPVV128F425F14F,2104.0
TRVWMAR128F425A2DA,TRWSYHO128F4282346,7262.0,TRFUJVJ128F426F2A2,7112.0,TREBGAA128E078FC52,6549.0
TRCKZBM128F425A2DD,TRFUJVJ128F426F2A2,1562.0,TRYCBLK12903CE6A0E,1429.0,TRYOUMI128E078F4DE,1412.0
TRCFCHA128F4259A75,TRFUJVJ128F426F2A2,2022.0,TRDPGXU128F9339C2A,1901.0,TRFLWJZ128F425C9E4,1723.0
TRYSJKQ128F4259A73,TRFUJVJ128F426F2A2,1438.0,TRDPGXU128F9339C2A,1407.0,TRWSYHO128F4282346,1226.0
TRAQKVC128F425E65C,TRFUJVJ128F426F2A2,1291.0,TRTLIKK128E07862DA,937.0,TRDPGXU128F9339C2A,894.0
TRUASIU128F425A1D7,TRDPGXU128F9339C2A,6301.0,TRCHZXW128E079288A,6162.0,TRKLJAG128F42B31CF,5834.0
TROLGMC128F4259BB8,TRFUJVJ128F426F2A2,3126.0,TRDPGXU128F9339C2A,2672.0,TRWSYHO128F4282346,2560.0
TRMQMTC128F428A516,TRFUJVJ128F426F2A2,1916.0,TRDPGXU128F9339C2A,1374.0,TRQAWKR128F425EEC3,1296.0
TRQENBA128F426093C,TRFUJVJ128F426F2A2,5138.0,TRWSYHO128F4282346,3017.0,TRGLNKG128F9307689,2935.0
TRJCXHB128F428AC5B,TRFUJVJ128F426F2A2,1601.0,TRDPGXU128F9339C2A,1506.0,TRGUCIR128F933D817,1458.0
TRHWAPL128F428BEEE,TRFUJVJ128F426F2A2,3021.0,TRDPGXU128F9339C2A,2859.0,TRCHZXW128E079288A,2636.0
TRHYIAH128F14825EC,TRDPGXU128F9339C2A,3078.0,TRFUJVJ128F426F2A2,2904.0,TRHNOMB12903CB2544,2783.0
TRWMODL128F92E7E2A,TRFLWJZ128F425C9E4,756.0,TRQAWKR128F425EEC3,664.0,TRFUJVJ128F426F2A2,629.0
TRABGYE128E078278A,TRFGJLT128F1491125,982.0,TRDPGXU128F9339C2A,882.0,TRFUJVJ128F426F2A2,831.0
TRBAQPR128F92F4AB0,TRFUJVJ128F426F2A2,4562.0,TRDPGXU128F9339C2A,3111.0,TREBGAA128E078FC52,2973.0
TRVOTRF128F148AE44,TRFUJVJ128F426F2A2,2719.0,TRDPGXU128F9339C2A,2153.0,TRGLNKG128F9307689,1924.0
TRRERUT128F1477144,TRFUJVJ128F426F2A2,2326.0,TRDPGXU128F9339C2A,2230.0,TRCHZXW128E079288A,1875.0
TRHGTHE128F428B4C3,TRFUJVJ128F426F2A2,6934.0,TRWSYHO128F4282346,6320.0,TRDPGXU128F9339C2A,5203.0
TREIEOO128F42B0099,TRFUJVJ128F426F2A2,13073.0,TRWSYHO128F4282346,11783.0,TRUGLTC128F4227B93,10158.0
TRRZSBO128F428BE44,TRFUJVJ128F426F2A2,9962.0,TRWSYHO128F4282346,7977.0,TREBGAA128E078FC52,7691.0
TRMZSRG128F428BE3F,TRFUJVJ128F426F2A2,7646.0,TRWSYHO128F4282346,6034.0,TRDPGXU128F9339C2A,5794.0
TRENECR128F92DAC48,TRFUJVJ128F426F2A2,9634.0,TRWSYHO128F4282346,7770.0,TRDPGXU128F9339C2A,7549.0
TRIAONH128F9340E62,TRFUJVJ128F426F2A2,10876.0,TRWSYHO128F4282346,10688.0,TRDPGXU128F9339C2A,9690.0
TRFBNCQ128F9302AD9,TRFUJVJ128F426F2A2,6947.0,TRGLNKG128F9307689,6664.0,TRLCWTH128F92C7F82,6474.0
TRPZAPZ128F9341D3E,TRFUJVJ128F426F2A2,12606.0,TRWSYHO128F4282346,10587.0,TREBGAA128E078FC52,10461.0
TRGHYGG12903CAC100,TRFUJVJ128F426F2A2,14094.0,TRDPGXU128F9339C2A,11069.0,TRWSYHO128F4282346,10183.0
TRNEYNN128F92C21F7,TRFUJVJ128F426F2A2,10890.0,TRWSYHO128F4282346,7320.0,TRGLNKG128F9307689,6627.0
TRRSRXG128E07888AF,TRFUJVJ128F426F2A2,5978.0,TRDPGXU128F9339C2A,3913.0,TREBGAA128E078FC52,3615.0
TRONPIZ128F1454219,TRFUJVJ128F426F2A2,7470.0,TRWSYHO128F4282346,6233.0,TREBGAA128E078FC52,5537.0
TRJKYAO128F427420D,TRFUJVJ128F426F2A2,5725.0,TRDPGXU128F9339C2A,4898.0,TRWSYHO128F4282346,4695.0
TRYGRKO128F9343244,TRFUJVJ128F426F2A2,3809.0,TRDPGXU128F9339C2A,3532.0,TRGLNKG128F9307689,2817.0
TROIJDA128F9341E70,TREBGAA128E078FC52,15433.0,TRFUJVJ128F426F2A2,15352.0,TRWSYHO128F4282346,14738.0
TRXTJGV12903CAC0F8,TRFUJVJ128F426F2A2,6246.0,TRWSYHO128F4282346,5069.0,TRDPGXU128F9339C2A,4548.0
TRTWRQD12903CA9E3B,TRFUJVJ128F426F2A2,7585.0,TRWSYHO128F4282346,6058.0,TREBGAA128E078FC52,5574.0
TRWPMRK12903CCDA98,TRFUJVJ128F426F2A2,3217.0,TRDPGXU128F9339C2A,2711.0,TRQAWKR128F425EEC3,2666.0
TRMTTBA128F429A7EC,TRDPGXU128F9339C2A,1334.0,TRCHZXW128E079288A,1294.0,TRBEBJO128C719646B,1197.0
TRWCVWH128F4284EE5,TRFUJVJ128F426F2A2,2512.0,TREBGAA128E078FC52,1823.0,TRWSYHO128F4282346,1817.0
TRQQLZD128F425E9BC,TROIJDA128F9341E70,10886.0,TRFUJVJ128F426F2A2,10599.0,TRWSYHO128F4282346,10137.0
TREAJBV12903CCDA96,TRFUJVJ128F426F2A2,6576.0,TRWSYHO128F4282346,6558.0,TRUGLTC128F4227B93,5179.0
TRDFWVZ128F4284EF0,TRFUJVJ128F426F2A2,4790.0,TRDPGXU128F9339C2A,3914.0,TROIJDA128F9341E70,3563.0
TRFRUCJ128F4284EF2,TRFUJVJ128F426F2A2,5212.0,TRWSYHO128F4282346,4441.0,TREBGAA128E078FC52,3631.0
TRXONIT128F9355F39,TRDPGXU128F9339C2A,9603.0,TRFUJVJ128F426F2A2,8911.0,TRRSNPA128F148C45E,8571.0
TRURHNH128F9355F33,TRFUJVJ128F426F2A2,4309.0,TRCHZXW128E079288A,3490.0,TRDPGXU128F9339C2A,3463.0
TRBVOUE128F92F4B3E,TRDPGXU128F9339C2A,2633.0,TRFUJVJ128F426F2A2,2569.0,TRWSYHO128F4282346,2391.0
TRTAKII128F92E4449,TRFUJVJ128F426F2A2,6853.0,TRWSYHO128F4282346,5753.0,TRDPGXU128F9339C2A,5463.0
TRSHMDQ128F422C1D6,TRFUJVJ128F426F2A2,12543.0,TRWSYHO128F4282346,9064.0,TRDPGXU128F9339C2A,7895.0
TRENMSO128F42AF485,TRFUJVJ128F426F2A2,6506.0,TRWSYHO128F4282346,5421.0,TRGLNKG128F9307689,4687.0
TRTSASI12903CC26E8,TRFUJVJ128F426F2A2,2713.0,TRDPGXU128F9339C2A,2404.0,TRWSYHO128F4282346,1728.0
TRNZNSR128F429F04B,TRFUJVJ128F426F2A2,3485.0,TRWSYHO128F4282346,3029.0,TREXCMT128F933D825,2829.0
TRWFFHM128F92F99C4,TRFUJVJ128F426F2A2,11542.0,TRWSYHO128F4282346,9801.0,TREBGAA128E078FC52,8584.0
TRDIOJU128F931BF15,TRFUJVJ128F426F2A2,4829.0,TRWSYHO128F4282346,4158.0,TRUGLTC128F4227B93,4154.0
TRGYQBU128F9342C87,TRFUJVJ128F426F2A2,4024.0,TRDPGXU128F9339C2A,3548.0,TRCHZXW128E079288A,3165.0
TRVBSAC128F42B6438,TRWSYHO128F4282346,2693.0,TRFUJVJ128F426F2A2,2692.0,TRDPGXU128F9339C2A,2554.0
TRHTGXF128F931BEE7,TRCHZXW128E079288A,4576.0,TRDPGXU128F9339C2A,4515.0,TRKLJAG128F42B31CF,4045.0
TRULIIL128F4228AC8,TRFUJVJ128F426F2A2,2486.0,TRHNOMB12903CB2544,2307.0,TRWSYHO128F4282346,2080.0
TRTKNDU128EF3517DF,TRFUJVJ128F426F2A2,5733.0,TRWSYHO128F4282346,4991.0,TRQAWKR128F425EEC3,4910.0
TRQBNNZ128F92D4F35,TRFUJVJ128F426F2A2,7500.0,TRDPGXU128F9339C2A,6752.0,TRWSYHO128F4282346,6002.0
TRTYGWW128E0794FA2,TRTLIKK128E07862DA,4884.0,TRLINLH128F9346400,4671.0,TRFUJVJ128F426F2A2,2866.0
TRKHTKI128F92EA339,TRFUJVJ128F426F2A2,12297.0,TRDPGXU128F9339C2A,9562.0,TRWSYHO128F4282346,8267.0
TRACTLX128F42A51F6,TRFUJVJ128F426F2A2,2779.0,TRDPGXU128F9339C2A,2489.0,TRFLWJZ128F425C9E4,1976.0
TRHQAPS128F42A51F4,TRFUJVJ128F426F2A2,11299.0,TRDPGXU128F9339C2A,8616.0,TRWSYHO128F4282346,8327.0
TRWMHCZ128F42AE295,TRFUJVJ128F426F2A2,7300.0,TRWSYHO128F4282346,6014.0,TRDPGXU128F9339C2A,5989.0
TRMMTKA128F42A51E7,TRFUJVJ128F426F2A2,3969.0,TRDPGXU128F9339C2A,2558.0,TRWSYHO128F4282346,2487.0
TRPPHPV128F92F0750,TRFUJVJ128F426F2A2,8052.0,TRDPGXU128F9339C2A,6833.0,TRWSYHO128F4282346,6016.0
TRZDKCU128F1456899,TRFUJVJ128F426F2A2,2012.0,TRGUCIR128F933D817,1897.0,TRDPGXU128F9339C2A,1739.0
TRQCFKA128F148A0D5,TRFUJVJ128F426F2A2,6730.0,TRDPGXU128F9339C2A,6249.0,TRWSYHO128F4282346,6026.0
TRPPATZ128F428BA6E,TRFUJVJ128F426F2A2,4315.0,TRUGLTC128F4227B93,4271.0,TRVLIZK128F428845E,4170.0
TRMVVWQ128F422BB64,TRFUJVJ128F426F2A2,4823.0,TRWSYHO128F4282346,4702.0,TREBGAA128E078FC52,4143.0
TRRATGY12903D138DB,TRZZQIP128F92EFEAD,2498.0,TRDOJIR128F42840C0,2336.0,TRTHNFG12903D0CE54,2324.0
TRPSKLI128F425E42C,TREXCMT128F933D825,3509.0,TRFUJVJ128F426F2A2,3469.0,TRDPGXU128F9339C2A,3403.0
TRWQMVZ128E078F1F7,TRFUJVJ128F426F2A2,2306.0,TRBVPVV128F425F14F,1770.0,TRGUCIR128F933D817,1766.0
TRHDTPQ128F147733A,TRFUJVJ128F426F2A2,8724.0,TRWSYHO128F4282346,6834.0,TRQAWKR128F425EEC3,5406.0
TRUVZTN128F424B846,TRFUJVJ128F426F2A2,1905.0,TRWSYHO128F4282346,1729.0,TRDPGXU128F9339C2A,1711.0
TRGPDHJ128F14527D5,TRLINLH128F9346400,2810.0,TRFUJVJ128F426F2A2,2710.0,TRTLIKK128E07862DA,2318.0
TRHKHHL128F4251E2A,TRUGLTC128F4227B93,4652.0,TRVLIZK128F428845E,4357.0,TRFUJVJ128F426F2A2,3318.0
TRAMTEH128F930D496,TRBVPVV128F425F14F,4353.0,TRGUCIR128F933D817,3983.0,TRFSCLD12903CD213F,3978.0
TRCGRJV128F1477322,TRFUJVJ128F426F2A2,2088.0,TRDPGXU128F9339C2A,1679.0,TRQAWKR128F425EEC3,1600.0
TRRVJJF128F9309F02,TRFUJVJ128F426F2A2,4582.0,TRWSYHO128F4282346,4519.0,TRDPGXU128F9339C2A,3630.0
TRDXHIR128F930E030,TRFUJVJ128F426F2A2,2678.0,TRUGLTC128F4227B93,2272.0,TRGLNKG128F9307689,2077.0
TRDTEUX12903CB4AD7,TRFUJVJ128F426F2A2,6045.0,TRWSYHO128F4282346,4927.0,TREBGAA128E078FC52,4284.0
TRVTZTY128E0781E22,TRFUJVJ128F426F2A2,2040.0,TRCHZXW128E079288A,1918.0,TRDPGXU128F9339C2A,1910.0
TRORKSH128F9320C21,TRFUJVJ128F426F2A2,2085.0,TRDPGXU128F9339C2A,1651.0,TRWSYHO128F4282346,1446.0
TRGEMSN128E07944A8,TREXCMT128F933D825,5402.0,TRDPGXU128F9339C2A,4712.0,TRFUJVJ128F426F2A2,4479.0
TRQMVYN128F4250E38,TRFUJVJ128F426F2A2,1908.0,TRWSYHO128F4282346,1729.0,TRDPGXU128F9339C2A,1718.0
TRDJCNG128F9339544,TRXHFMI128F429B2F2,3033.0,TRCHZXW128E079288A,3023.0,TRDPGXU128F9339C2A,2830.0
TRVSWGN12903CB4A44,TRRSNPA128F148C45E,922.0,TROLEFX128E078BD4F,772.0,TRFUJVJ128F426F2A2,704.0
TRNJPBY128F92F621A,TRWSYHO128F4282346,6490.0,TRDPGXU128F9339C2A,5913.0,TREBGAA128E078FC52,5877.0
TRINMBD128F92F6211,TRFUJVJ128F426F2A2,13592.0,TRWSYHO128F4282346,12944.0,TRDPGXU128F9339C2A,10955.0
TRRKBRB128EF35E2DA,TRFUJVJ128F426F2A2,7573.0,TRDPGXU128F9339C2A,6842.0,TRCHZXW128E079288A,6239.0
TRYPJXU128F92F621C,TRFUJVJ128F426F2A2,6656.0,TRDPGXU128F9339C2A,6212.0,TRWSYHO128F4282346,5848.0
TRGNBCC128F92F6218,TRFUJVJ128F426F2A2,11505.0,TRWSYHO128F4282346,10897.0,TRDPGXU128F9339C2A,9802.0
TRDNAVT128F428A246,TRFUJVJ128F426F2A2,2195.0,TRQAWKR128F425EEC3,1431.0,TRDPGXU128F9339C2A,1338.0
TRRHCOS128F4248193,TRTHNFG12903D0CE54,2235.0,TRZZQIP128F92EFEAD,2188.0,TRDOJIR128F42840C0,2053.0
TRFGOUF128F9348838,TRFUJVJ128F426F2A2,3817.0,TRGLNKG128F9307689,3186.0,TRDPGXU128F9339C2A,3168.0
TRQLICG12903CBFAFD,TRFUJVJ128F426F2A2,2963.0,TRWSYHO128F4282346,2877.0,TRGLNKG128F9307689,2360.0
TREKDZI128F146A972,TRFUJVJ128F426F2A2,5488.0,TRUGLTC128F4227B93,4568.0,TRVLIZK128F428845E,4255.0
TRJDXEG128E07820DB,TRFUJVJ128F426F2A2,2535.0,TREXCMT128F933D825,2189.0,TRLTYLK128F92FE6FF,2163.0
TRKHYKB128E0789D42,TRFUJVJ128F426F2A2,4973.0,TRWSYHO128F4282346,3977.0,TRDPGXU128F9339C2A,3941.0
TRDVELE128F932810A,TRFUJVJ128F426F2A2,2450.0,TRDPGXU128F9339C2A,2066.0,TRFLWJZ128F425C9E4,1452.0
TRCONIY128F932A7DA,TRFUJVJ128F426F2A2,5271.0,TRDPGXU128F9339C2A,4785.0,TRWSYHO128F4282346,3872.0
TRWULBB128F42670A3,TRFUJVJ128F426F2A2,4341.0,TRWSYHO128F4282346,3105.0,TRGLNKG128F9307689,2922.0
TROQFYY128F429DBA0,TRFUJVJ128F426F2A2,4587.0,TRDPGXU128F9339C2A,4306.0,TRCHZXW128E079288A,3493.0
TRHFADH128F92E2BE3,TRFUJVJ128F426F2A2,2509.0,TRWSYHO128F4282346,2423.0,TRDPGXU128F9339C2A,2104.0
TROAQBZ128F9326213,TRDPGXU128F9339C2A,4649.0,TRFUJVJ128F426F2A2,4646.0,TRCHZXW128E079288A,4144.0
TRVZCTL128E078F0BE,TRFUJVJ128F426F2A2,5431.0,TRHGZOJ128F14A2ED0,4639.0,TRGLNKG128F9307689,4343.0
TRAERPT128F931103E,TRFUJVJ128F426F2A2,5512.0,TRDPGXU128F9339C2A,4177.0,TRWSYHO128F4282346,4150.0
TRQXTQT128E0781DA7,TRWSYHO128F4282346,2633.0,TRDPGXU128F9339C2A,2473.0,TRFUJVJ128F426F2A2,2374.0
TRAUYZG12903CDA4E9,TRFUJVJ128F426F2A2,7508.0,TRDPGXU128F9339C2A,6756.0,TRWSYHO128F4282346,6284.0
TRGESLP12903CE31C8,TRFUJVJ128F426F2A2,6716.0,TRWSYHO128F4282346,6492.0,TRGLNKG128F9307689,4885.0
TRPAYRK128E0792986,TRFUJVJ128F426F2A2,4959.0,TRGUCIR128F933D817,4298.0,TRBVPVV128F425F14F,4243.0
TRKMXIA128F4299423,TRFUJVJ128F426F2A2,2391.0,TRWSYHO128F4282346,2099.0,TREBGAA128E078FC52,1814.0
TRTQRHY128F4241AFD,TRFUJVJ128F426F2A2,5229.0,TRDPGXU128F9339C2A,4046.0,TRBEBJO128C719646B,3444.0
TRXIEYZ128E078891B,TRFUJVJ128F426F2A2,4719.0,TRWSYHO128F4282346,4640.0,TREBGAA128E078FC52,4321.0
TRTGMIX128EF35E2B9,TRFUJVJ128F426F2A2,4296.0,TRUGLTC128F4227B93,3898.0,TRWSYHO128F4282346,3534.0
TRHPKWO128F92E01D5,TRFUJVJ128F426F2A2,9419.0,TRDPGXU128F9339C2A,6572.0,TRWSYHO128F4282346,6061.0
TRDMUWU128E078EDDB,TRCHZXW128E079288A,5761.0,TRKLJAG128F42B31CF,5532.0,TRXHFMI128F429B2F2,5293.0
TRXEAZB128E078EDCE,TRDPGXU128F9339C2A,1654.0,TRFLWJZ128F425C9E4,1620.0,TRFUJVJ128F426F2A2,1569.0
TRLKNKC128F42BC213,TRZZQIP128F92EFEAD,3476.0,TRDOJIR128F42840C0,3220.0,TRBVPVV128F425F14F,1979.0
TRVQBRZ128F423EEDC,TRFUJVJ128F426F2A2,3474.0,TRDPGXU128F9339C2A,3262.0,TRWSYHO128F4282346,2985.0
TRBNXZS12903D0A686,TREAUAV128EF33FE50,2005.0,TRSABJR128F429C84B,2000.0,TRRHCLC128F427D727,1840.0
TRGGBKA128F428E461,TRDPGXU128F9339C2A,1264.0,TROIJDA128F9341E70,1222.0,TRCHZXW128E079288A,1219.0
TRICQHX128F93269FC,TRFUJVJ128F426F2A2,3248.0,TRDPGXU128F9339C2A,2799.0,TRGLNKG128F9307689,2409.0
TRAFWEV128F428D391,TRFGJLT128F1491125,1168.0,TRCETEN128F42AD6D0,932.0,TRIJLHF128F9322FE4,909.0
TRJRIBM128E0788E18,TRFUJVJ128F426F2A2,5496.0,TRWSYHO128F4282346,4564.0,TRDPGXU128F9339C2A,4194.0
TRIVTJA128F92C1E80,TRDPGXU128F9339C2A,5072.0,TRFUJVJ128F426F2A2,4981.0,TRCHZXW128E079288A,3802.0
TRFLRXQ128F4280CCC,TRFUJVJ128F426F2A2,3523.0,TRDPGXU128F9339C2A,2279.0,TRFLWJZ128F425C9E4,1809.0
TRYBPGK128F4255BE3,TRFUJVJ128F426F2A2,7670.0,TRWSYHO128F4282346,6745.0,TREBGAA128E078FC52,6282.0
TRGXNCJ128F425FB1C,TRDPGXU128F9339C2A,570.0,TRCHZXW128E079288A,522.0,TRRSNPA128F148C45E,477.0
TRFNRGN128E0791E0E,TRFUJVJ128F426F2A2,4443.0,TRWSYHO128F4282346,3252.0,TRDPGXU128F9339C2A,3012.0
TROLTZX128E0791C1A,TRFUJVJ128F426F2A2,3227.0,TRBVPVV128F425F14F,3205.0,TRGUCIR128F933D817,3145.0
TRJZZCN128E07938C5,TRFUJVJ128F426F2A2,7001.0,TRWSYHO128F4282346,6435.0,TREBGAA128E078FC52,5628.0
TRCZLLQ128E0792778,TRFUJVJ128F426F2A2,5843.0,TRWSYHO128F4282346,5555.0,TREBGAA128E078FC52,4630.0
TRUIAKW128F428C787,TRFUJVJ128F426F2A2,2221.0,TRDPGXU128F9339C2A,1948.0,TRGUCIR128F933D817,1874.0
TRCRHFK128F427FD8F,TRFUJVJ128F426F2A2,3707.0,TRDPGXU128F9339C2A,2735.0,TRWSYHO128F4282346,2468.0
TRMOUUU128F14ADE16,TRFUJVJ128F426F2A2,5271.0,TRWSYHO128F4282346,4153.0,TRDPGXU128F9339C2A,3679.0
TRCURQD128F427C75B,TRBVPVV128F425F14F,5163.0,TRGUCIR128F933D817,4137.0,TRFUJVJ128F426F2A2,3732.0
TRRKJGZ128F148128F,TRFUJVJ128F426F2A2,5348.0,TRDPGXU128F9339C2A,5240.0,TRCHZXW128E079288A,4451.0
